{
    "11.034497": {
        "r_enc": 261,
        "ENC_DELTA_THETA": 0,
        "SPEED": 0,
        "R_ENC_DIST": 1793.653171875,
        "x": 1687,
        "L_ENC_DIST": 1580.61390625,
        "Y": 1419.0404620978932,
        "l_enc": 230
    },
    "10.017716": {
        "r_enc": 0,
        "ENC_DELTA_THETA": 0,
        "SPEED": 0,
        "R_ENC_DIST": 0,
        "x": 0,
        "L_ENC_DIST": 0,
        "Y": 0,
        "l_enc": 0
    }
}