{
    "2.024315": {
        "SPEED": 0,
        "x": 0.0,
        "Y": 0.0,
        "R_ENC_DIST": 0,
        "ENC_DELTA_THETA": 0,
        "L_ENC_DIST": 0
    },
    "60.709004": {
        "SPEED": 0,
        "x": 26.616398227347638,
        "Y": 6.107001486845836,
        "R_ENC_DIST": 0,
        "ENC_DELTA_THETA": 0,
        "L_ENC_DIST": 0
    },
    "14.166655": {
        "SPEED": 0,
        "x": 3.4318022539829447,
        "Y": 0.17214707604397134,
        "R_ENC_DIST": 0,
        "ENC_DELTA_THETA": 0,
        "L_ENC_DIST": 0
    },
    "5.059075": {
        "SPEED": 0,
        "x": 0.0,
        "Y": 0.0,
        "R_ENC_DIST": 0,
        "ENC_DELTA_THETA": 0,
        "L_ENC_DIST": 0
    },
    "11.129951": {
        "SPEED": 0,
        "x": 0.0,
        "Y": 0.0,
        "R_ENC_DIST": 0,
        "ENC_DELTA_THETA": 0,
        "L_ENC_DIST": 0
    },
    "41.483996": {
        "SPEED": 0,
        "x": 20.226012272802954,
        "Y": 3.584915163492102,
        "R_ENC_DIST": 0,
        "ENC_DELTA_THETA": 0,
        "L_ENC_DIST": 0
    },
    "28.331259": {
        "SPEED": 0,
        "x": 10.248018325248688,
        "Y": 1.0307217905030506,
        "R_ENC_DIST": 0,
        "ENC_DELTA_THETA": 0,
        "L_ENC_DIST": 0
    },
    "4.047512": {
        "SPEED": 0,
        "x": 0.0,
        "Y": 0.0,
        "R_ENC_DIST": 0,
        "ENC_DELTA_THETA": 0,
        "L_ENC_DIST": 0
    },
    "35.413437": {
        "SPEED": 0,
        "x": 13.615313099390358,
        "Y": 1.7149931038511366,
        "R_ENC_DIST": 0,
        "ENC_DELTA_THETA": 0,
        "L_ENC_DIST": 0
    },
    "12.141536": {
        "SPEED": 0,
        "x": 0.0,
        "Y": 0.0,
        "R_ENC_DIST": 0,
        "ENC_DELTA_THETA": 0,
        "L_ENC_DIST": 0
    },
    "6.071028": {
        "SPEED": 0,
        "x": 0.0,
        "Y": 0.0,
        "R_ENC_DIST": 0,
        "ENC_DELTA_THETA": 0,
        "L_ENC_DIST": 0
    },
    "52.614722": {
        "SPEED": 0,
        "x": 26.616398227347638,
        "Y": 6.107001486845836,
        "R_ENC_DIST": 0,
        "ENC_DELTA_THETA": 0,
        "L_ENC_DIST": 0
    },
    "40.472108": {
        "SPEED": 0,
        "x": 20.226012272802954,
        "Y": 3.584915163492102,
        "R_ENC_DIST": 0,
        "ENC_DELTA_THETA": 0,
        "L_ENC_DIST": 0
    },
    "47.555256": {
        "SPEED": 0,
        "x": 23.452813788133664,
        "Y": 4.76586956857824,
        "R_ENC_DIST": 0,
        "ENC_DELTA_THETA": 0,
        "L_ENC_DIST": 0
    },
    "54.638449": {
        "SPEED": 0,
        "x": 26.616398227347638,
        "Y": 6.107001486845836,
        "R_ENC_DIST": 0,
        "ENC_DELTA_THETA": 0,
        "L_ENC_DIST": 0
    },
    "45.532405": {
        "SPEED": 0,
        "x": 23.452813788133664,
        "Y": 4.76586956857824,
        "R_ENC_DIST": 0,
        "ENC_DELTA_THETA": 0,
        "L_ENC_DIST": 0
    },
    "55.650245": {
        "SPEED": 0,
        "x": 26.616398227347638,
        "Y": 6.107001486845836,
        "R_ENC_DIST": 0,
        "ENC_DELTA_THETA": 0,
        "L_ENC_DIST": 0
    },
    "56.662306": {
        "SPEED": 0,
        "x": 26.616398227347638,
        "Y": 6.107001486845836,
        "R_ENC_DIST": 0,
        "ENC_DELTA_THETA": 0,
        "L_ENC_DIST": 0
    },
    "53.627043": {
        "SPEED": 0,
        "x": 26.616398227347638,
        "Y": 6.107001486845836,
        "R_ENC_DIST": 0,
        "ENC_DELTA_THETA": 0,
        "L_ENC_DIST": 0
    },
    "39.46028": {
        "SPEED": 0,
        "x": 16.9440978485021,
        "Y": 2.567104258756404,
        "R_ENC_DIST": 0,
        "ENC_DELTA_THETA": 0,
        "L_ENC_DIST": 0
    },
    "24.284212": {
        "SPEED": 0,
        "x": 6.850670544443988,
        "Y": 0.5160088778087135,
        "R_ENC_DIST": 0,
        "ENC_DELTA_THETA": 0,
        "L_ENC_DIST": 0
    },
    "50.590936": {
        "SPEED": 0,
        "x": 26.616398227347638,
        "Y": 6.107001486845836,
        "R_ENC_DIST": 0,
        "ENC_DELTA_THETA": 0,
        "L_ENC_DIST": 0
    },
    "7.082774": {
        "SPEED": 0,
        "x": 0.0,
        "Y": 0.0,
        "R_ENC_DIST": 0,
        "ENC_DELTA_THETA": 0,
        "L_ENC_DIST": 0
    },
    "10.118589": {
        "SPEED": 0,
        "x": 0.0,
        "Y": 0.0,
        "R_ENC_DIST": 0,
        "ENC_DELTA_THETA": 0,
        "L_ENC_DIST": 0
    },
    "33.389857": {
        "SPEED": 0,
        "x": 13.615313099390358,
        "Y": 1.7149931038511366,
        "R_ENC_DIST": 0,
        "ENC_DELTA_THETA": 0,
        "L_ENC_DIST": 0
    },
    "59.697371": {
        "SPEED": 0,
        "x": 26.616398227347638,
        "Y": 6.107001486845836,
        "R_ENC_DIST": 0,
        "ENC_DELTA_THETA": 0,
        "L_ENC_DIST": 0
    },
    "20.237157": {
        "SPEED": 0,
        "x": 6.850670544443988,
        "Y": 0.5160088778087135,
        "R_ENC_DIST": 0,
        "ENC_DELTA_THETA": 0,
        "L_ENC_DIST": 0
    },
    "48.567617": {
        "SPEED": 0,
        "x": 23.452813788133664,
        "Y": 4.76586956857824,
        "R_ENC_DIST": 0,
        "ENC_DELTA_THETA": 0,
        "L_ENC_DIST": 0
    },
    "16.189936": {
        "SPEED": 0,
        "x": 3.4318022539829447,
        "Y": 0.17214707604397134,
        "R_ENC_DIST": 0,
        "ENC_DELTA_THETA": 0,
        "L_ENC_DIST": 0
    },
    "22.260649": {
        "SPEED": 0,
        "x": 6.850670544443988,
        "Y": 0.5160088778087135,
        "R_ENC_DIST": 0,
        "ENC_DELTA_THETA": 0,
        "L_ENC_DIST": 0
    },
    "38.448772": {
        "SPEED": 0,
        "x": 16.9440978485021,
        "Y": 2.567104258756404,
        "R_ENC_DIST": 0,
        "ENC_DELTA_THETA": 0,
        "L_ENC_DIST": 0
    },
    "27.319253": {
        "SPEED": 0,
        "x": 10.248018325248688,
        "Y": 1.0307217905030506,
        "R_ENC_DIST": 0,
        "ENC_DELTA_THETA": 0,
        "L_ENC_DIST": 0
    },
    "32.378244": {
        "SPEED": 0,
        "x": 10.248018325248688,
        "Y": 1.0307217905030506,
        "R_ENC_DIST": 0,
        "ENC_DELTA_THETA": 0,
        "L_ENC_DIST": 0
    },
    "9.106334": {
        "SPEED": 0,
        "x": 0.0,
        "Y": 0.0,
        "R_ENC_DIST": 0,
        "ENC_DELTA_THETA": 0,
        "L_ENC_DIST": 0
    },
    "31.366708": {
        "SPEED": 0,
        "x": 10.248018325248688,
        "Y": 1.0307217905030506,
        "R_ENC_DIST": 0,
        "ENC_DELTA_THETA": 0,
        "L_ENC_DIST": 0
    },
    "23.27241": {
        "SPEED": 0,
        "x": 6.850670544443988,
        "Y": 0.5160088778087135,
        "R_ENC_DIST": 0,
        "ENC_DELTA_THETA": 0,
        "L_ENC_DIST": 0
    },
    "51.602897": {
        "SPEED": 0,
        "x": 26.616398227347638,
        "Y": 6.107001486845836,
        "R_ENC_DIST": 0,
        "ENC_DELTA_THETA": 0,
        "L_ENC_DIST": 0
    },
    "25.295953": {
        "SPEED": 0,
        "x": 6.850670544443988,
        "Y": 0.5160088778087135,
        "R_ENC_DIST": 0,
        "ENC_DELTA_THETA": 0,
        "L_ENC_DIST": 0
    },
    "46.543988": {
        "SPEED": 0,
        "x": 23.452813788133664,
        "Y": 4.76586956857824,
        "R_ENC_DIST": 0,
        "ENC_DELTA_THETA": 0,
        "L_ENC_DIST": 0
    },
    "34.401661": {
        "SPEED": 0,
        "x": 13.615313099390358,
        "Y": 1.7149931038511366,
        "R_ENC_DIST": 0,
        "ENC_DELTA_THETA": 0,
        "L_ENC_DIST": 0
    },
    "26.307363": {
        "SPEED": 0,
        "x": 6.850670544443988,
        "Y": 0.5160088778087135,
        "R_ENC_DIST": 0,
        "ENC_DELTA_THETA": 0,
        "L_ENC_DIST": 0
    },
    "43.508738": {
        "SPEED": 0,
        "x": 20.226012272802954,
        "Y": 3.584915163492102,
        "R_ENC_DIST": 0,
        "ENC_DELTA_THETA": 0,
        "L_ENC_DIST": 0
    },
    "58.685692": {
        "SPEED": 0,
        "x": 26.616398227347638,
        "Y": 6.107001486845836,
        "R_ENC_DIST": 0,
        "ENC_DELTA_THETA": 0,
        "L_ENC_DIST": 0
    },
    "17.201722": {
        "SPEED": 0,
        "x": 3.4318022539829447,