{
    "14.179964": {
        "R_ENC_DIST": 0,
        "Y": -43.54448708366292,
        "L_ENC_DIST": 0,
        "ENC_DELTA_THETA": 0,
        "SPEED": 0,
        "x": 388.82283581384576
    },
    "59.755348": {
        "R_ENC_DIST": 0,
        "Y": -48.29556837887651,
        "L_ENC_DIST": 0,
        "ENC_DELTA_THETA": 0,
        "SPEED": 0,
        "x": 312.42993325839615
    },
    "6.072661": {
        "R_ENC_DIST": 0,
        "Y": 0.5138616877495396,
        "L_ENC_DIST": 0,
        "ENC_DELTA_THETA": 0,
        "SPEED": 0,
        "x": 3.3974766359897317
    },
    "19.238725": {
        "R_ENC_DIST": 0,
        "Y": -43.54448708366292,
        "L_ENC_DIST": 0,
        "ENC_DELTA_THETA": 0,
        "SPEED": 0,
        "x": 388.82283581384576
    },
    "25.316895": {
        "R_ENC_DIST": 0,
        "Y": -40.860923793454,
        "L_ENC_DIST": 0,
        "ENC_DELTA_THETA": 0,
        "SPEED": 0,
        "x": 361.4652011765758
    },
    "16.203435": {
        "R_ENC_DIST": 0,
        "Y": -43.54448708366292,
        "L_ENC_DIST": 0,
        "ENC_DELTA_THETA": 0,
        "SPEED": 0,
        "x": 388.82283581384576
    },
    "15.191597": {
        "R_ENC_DIST": 0,
        "Y": -43.54448708366292,
        "L_ENC_DIST": 0,
        "ENC_DELTA_THETA": 0,
        "SPEED": 0,
        "x": 388.82283581384576
    },
    "31.397062": {
        "R_ENC_DIST": 0,
        "Y": -37.366910327821394,
        "L_ENC_DIST": 0,
        "ENC_DELTA_THETA": 0,
        "SPEED": 0,
        "x": 313.5017617528233
    },
    "34.443924": {
        "R_ENC_DIST": 0,
        "Y": -36.24538270572036,
        "L_ENC_DIST": 0,
        "ENC_DELTA_THETA": 0,
        "SPEED": 0,
        "x": 275.73210533788256
    },
    "44.574975": {
        "R_ENC_DIST": 0,
        "Y": -29.11095757766043,
        "L_ENC_DIST": 0,
        "ENC_DELTA_THETA": 0,
        "SPEED": 0,
        "x": 204.25514045388093
    },
    "60.766991": {
        "R_ENC_DIST": 0,
        "Y": -49.79184780626735,
        "L_ENC_DIST": 0,
        "ENC_DELTA_THETA": 0,
        "SPEED": 0,
        "x": 322.62911262789754
    },
    "46.602405": {
        "R_ENC_DIST": 0,
        "Y": -28.61051949534739,
        "L_ENC_DIST": 0,
        "ENC_DELTA_THETA": 0,
        "SPEED": 0,
        "x": 200.85566063308426
    },
    "2.025625": {
        "R_ENC_DIST": 0,
        "Y": 0.0,
        "L_ENC_DIST": 0,
        "ENC_DELTA_THETA": 0,
        "SPEED": 0,
        "x": 0.0
    },
    "9.11174": {
        "R_ENC_DIST": 0,
        "Y": -15.233476448940662,
        "L_ENC_DIST": 0,
        "ENC_DELTA_THETA": 0,
        "SPEED": 0,
        "x": 174.2676590226962
    },
    "53.68492": {
        "R_ENC_DIST": 0,
        "Y": -38.459070792507944,
        "L_ENC_DIST": 0,
        "ENC_DELTA_THETA": 0,
        "SPEED": 0,
        "x": 254.86863753257984
    },
    "40.518965": {
        "R_ENC_DIST": 0,
        "Y": -34.305806492262334,
        "L_ENC_DIST": 0,
        "ENC_DELTA_THETA": 0,
        "SPEED": 0,
        "x": 227.73270146277983
    },
    "43.562891": {
        "R_ENC_DIST": 0,
        "Y": -29.11095757766043,
        "L_ENC_DIST": 0,
        "ENC_DELTA_THETA": 0,
        "SPEED": 0,
        "x": 204.25514045388093
    },
    "33.428406": {
        "R_ENC_DIST": 0,
        "Y": -36.57450132440516,
        "L_ENC_DIST": 0,
        "ENC_DELTA_THETA": 0,
        "SPEED": 0,
        "x": 282.5964542683906
    },
    "47.614295": {
        "R_ENC_DIST": 0,
        "Y": -29.611395659973468,
        "L_ENC_DIST": 0,
        "ENC_DELTA_THETA": 0,
        "SPEED": 0,
        "x": 207.6546202746776
    },
    "24.301435": {
        "R_ENC_DIST": 0,
        "Y": -41.53181461600623,
        "L_ENC_DIST": 0,
        "ENC_DELTA_THETA": 0,
        "SPEED": 0,
        "x": 368.3046098358933
    },
    "12.156644": {
        "R_ENC_DIST": 0,
        "Y": -42.87359626111069,
        "L_ENC_DIST": 0,
        "ENC_DELTA_THETA": 0,
        "SPEED": 0,
        "x": 381.9834271545283
    },
    "8.096249": {
        "R_ENC_DIST": 0,
        "Y": -4.093798973837696,
        "L_ENC_DIST": 0,
        "ENC_DELTA_THETA": 0,
        "SPEED": 0,
        "x": 99.49836166310206
    },
    "22.277986": {
        "R_ENC_DIST": 0,
        "Y": -41.53181461600623,
        "L_ENC_DIST": 0,
        "ENC_DELTA_THETA": 0,
        "SPEED": 0,
        "x": 368.3046098358933
    },
    "52.67337": {
        "R_ENC_DIST": 0,
        "Y": -37.46155117424738,
        "L_ENC_DIST": 0,
        "ENC_DELTA_THETA": 0,
        "SPEED": 0,
        "x": 248.0691846195789
    },
    "23.28945": {
        "R_ENC_DIST": 0,
        "Y": -41.53181461600623,
        "L_ENC_DIST": 0,
        "ENC_DELTA_THETA": 0,
        "SPEED": 0,
        "x": 368.3046098358933
    },
    "20.254228": {
        "R_ENC_DIST": 0,
        "Y": -42.20270543855846,
        "L_ENC_DIST": 0,
        "ENC_DELTA_THETA": 0,
        "SPEED": 0,
        "x": 375.1440184952108
    },
    "58.743697": {
        "R_ENC_DIST": 0,
        "Y": -46.9586535528275,
        "L_ENC_DIST": 0,
        "ENC_DELTA_THETA": 0,
        "SPEED": 0,
        "x": 305.68899385406814
    },
    "56.719915": {
        "R_ENC_DIST": 0,
        "Y": -42.61884686944441,
        "L_ENC_DIST": 0,
        "ENC_DELTA_THETA": 0,
        "SPEED": 0,
        "x": 282.03719243024716
    },
    "27.340616": {
        "R_ENC_DIST": 0,
        "Y": -40.034380273592255,
        "L_ENC_DIST": 0,
        "ENC_DELTA_THETA": 0,
        "SPEED": 0,
        "x": 347.7488500828565
    },
    "50.649584": {
        "R_ENC_DIST": 0,
        "Y": -33.283345548208395,
        "L_ENC_DIST": 0,
        "ENC_DELTA_THETA": 0,
        "SPEED": 0,
        "x": 231.4043974651518
    },
    "30.384762": {
        "R_ENC_DIST": 0,
        "Y": -39.04413738420197,
        "L_ENC_DIST": 0,
        "ENC_DELTA_THETA": 0,
        "SPEED": 0,
        "x": 330.600283401117
    },
    "28.353534": {
        "R_ENC_DIST": 0,
        "Y": -39.87068090406371,
        "L_ENC_DIST": 0,
        "ENC_DELTA_THETA": 0,
        "SPEED": 0,
        "x": 344.3166344948363
    },
    "3.037303": {
        "R_ENC_DIST": 0,
        "Y": 0.0,
        "L_ENC_DIST": 0,
        "ENC_DELTA_THETA": 0,
        "SPEED": 0,
        "x": 0.0
    },
    "36.467904": {
        "R_ENC_DIST": 0,
        "Y": -35.59728254063996,
        "L_ENC_DIST": 0,
        "ENC_DELTA_THETA": 0,
        "SPEED": 0,
        "x": 258.58437030994304
    },
    "7.084236": {
        "R_ENC_DIST": 0,
        "Y": -1.4608500243592761,
        "L_ENC_DIST": 0,
        "ENC_DELTA_THETA": 0,
        "SPEED": 0,
        "x": 44.583570219037874
    },
    "39.507068": {
        "R_ENC_DIST": 0,
        "Y": -34.46695149888143,
        "L_ENC_DIST": 0,
        "ENC_DELTA_THETA": 0,
        "SPEED": 0,
        "x": 231.16503792837796
    },
    "1.01384": {
        "R_ENC_DIST": 0,
        "Y": 0.0,
        "L_ENC_DIST": 0,
        "ENC_DELTA_THETA": 0,
        "SPEED": 0,
        "x": 0.0
    },
    "26.329061": {
        "R_ENC_DIST": 0,
        "Y": -40.36982568486837,
        "L_ENC_DIST": 0,
        "ENC_DELTA_THETA": 0,
        "SPEED": 0,
        "x": 351.1685544125152
    },
    "45.590382": {
        "R_ENC_DIST": 0,
        "Y": -28.61051949534739,
        "L_ENC_DIST": 0,
        "ENC_DELTA_THETA": 0,
        "SPEED": 0,
        "x": 200.85566063308426
    },
    "57.731806": {
        "R_ENC_DIST": 0,
        "Y": -43.61636648770497,
        "L_ENC_DIST": 0,
        "ENC_DELTA_THETA": 0,
        "SPEED": 0,
        "x": 288.8366453432481
    },
    "17.215336": {
        "R_ENC_DIST": 0,
        "Y": -43.54448708366292,
        "L_ENC_DIST": 0,
        "ENC_DELTA_THETA": 0,
        "SPEED": 0,
        "x": 388.82283581384576
    },
    "29.36914": {
        "R_ENC_DIST": 0,
        "Y": -39.5352354927876,
        "L_ENC_DIST": 0,
        "ENC_DELTA_THETA": 0,
        "SPEED": 0,
        "x": 340.8969301651776
    },
    "13.168326": {
        "R_ENC_DIST": 0,
        "Y": -43.54448708366292,