{
    "40.478321": {
        "R_ENC_DIST": 0,
        "L_ENC_DIST": 0,
        "SPEED": 0,
        "ENC_DELTA_THETA": 0,
        "x": 185.55915418771295,
        "Y": 35.11349063204848
    },
    "38.454715": {
        "R_ENC_DIST": 0,
        "L_ENC_DIST": 0,
        "SPEED": 0,
        "ENC_DELTA_THETA": 0,
        "x": 168.8411652599246,
        "Y": 31.176047304263577
    },
    "16.19624": {
        "R_ENC_DIST": 0,
        "L_ENC_DIST": 0,
        "SPEED": 0,
        "ENC_DELTA_THETA": 0,
        "x": 37.357891625329806,
        "Y": 5.833556765358479
    },
    "45.538424": {
        "R_ENC_DIST": 0,
        "L_ENC_DIST": 0,
        "SPEED": 0,
        "ENC_DELTA_THETA": 0,
        "x": 242.79440549095287,
        "Y": 46.789127297185104
    },
    "10.124404": {
        "R_ENC_DIST": 0,
        "L_ENC_DIST": 0,
        "SPEED": 0,
        "ENC_DELTA_THETA": 0,
        "x": -0.012933963521901681,
        "Y": 0.17171472572077084
    },
    "46.550413": {
        "R_ENC_DIST": 0,
        "L_ENC_DIST": 0,
        "SPEED": 0,
        "ENC_DELTA_THETA": 0,
        "x": 242.79440549095287,
        "Y": 46.789127297185104
    },
    "20.243249": {
        "R_ENC_DIST": 0,
        "L_ENC_DIST": 0,
        "SPEED": 0,
        "ENC_DELTA_THETA": 0,
        "x": 37.357891625329806,
        "Y": 5.833556765358479
    },
    "33.396833": {
        "R_ENC_DIST": 0,
        "L_ENC_DIST": 0,
        "SPEED": 0,
        "ENC_DELTA_THETA": 0,
        "x": 138.59453950519193,
        "Y": 24.835499279437737
    },
    "6.077819": {
        "R_ENC_DIST": 0,
        "L_ENC_DIST": 0,
        "SPEED": 0,
        "ENC_DELTA_THETA": 0,
        "x": -6.850670544443988,
        "Y": -0.5160088778087135
    },
    "30.360917": {
        "R_ENC_DIST": 0,
        "L_ENC_DIST": 0,
        "SPEED": 0,
        "ENC_DELTA_THETA": 0,
        "x": 115.08040075467034,
        "Y": 19.87360333130501
    },
    "52.63228": {
        "R_ENC_DIST": 0,
        "L_ENC_DIST": 0,
        "SPEED": 0,
        "ENC_DELTA_THETA": 0,
        "x": 215.91649317374356,
        "Y": 41.12611625003008
    },
    "25.302122": {
        "R_ENC_DIST": 0,
        "L_ENC_DIST": 0,
        "SPEED": 0,
        "ENC_DELTA_THETA": 0,
        "x": 88.19789631074818,
        "Y": 14.232484058388529
    },
    "36.431207": {
        "R_ENC_DIST": 0,
        "L_ENC_DIST": 0,
        "SPEED": 0,
        "ENC_DELTA_THETA": 0,
        "x": 158.68046590018895,
        "Y": 29.454712360598965
    },
    "44.526645": {
        "R_ENC_DIST": 0,
        "L_ENC_DIST": 0,
        "SPEED": 0,
        "ENC_DELTA_THETA": 0,
        "x": 222.5937285603976,
        "Y": 42.66831435654865
    },
    "31.372289": {
        "R_ENC_DIST": 0,
        "L_ENC_DIST": 0,
        "SPEED": 0,
        "ENC_DELTA_THETA": 0,
        "x": 121.8146472018836,
        "Y": 21.243833273003524
    },
    "55.671905": {
        "R_ENC_DIST": 0,
        "L_ENC_DIST": 0,
        "SPEED": 0,
        "ENC_DELTA_THETA": 0,
        "x": 205.72600249144236,
        "Y": 39.5717637835578
    },
    "5.065403": {
        "R_ENC_DIST": 0,
        "L_ENC_DIST": 0,
        "SPEED": 0,
        "ENC_DELTA_THETA": 0,
        "x": -6.850670544443988,
        "Y": -0.5160088778087135
    },
    "58.710891": {
        "R_ENC_DIST": 0,
        "L_ENC_DIST": 0,
        "SPEED": 0,
        "ENC_DELTA_THETA": 0,
        "x": 185.34502112683992,
        "Y": 36.46305885061324
    },
    "19.231677": {
        "R_ENC_DIST": 0,
        "L_ENC_DIST": 0,
        "SPEED": 0,
        "ENC_DELTA_THETA": 0,
        "x": 37.357891625329806,
        "Y": 5.833556765358479
    },
    "57.695598": {
        "R_ENC_DIST": 0,
        "L_ENC_DIST": 0,
        "SPEED": 0,
        "ENC_DELTA_THETA": 0,
        "x": 192.1386815817074,
        "Y": 37.49929382826142
    },
    "35.419563": {
        "R_ENC_DIST": 0,
        "L_ENC_DIST": 0,
        "SPEED": 0,
        "ENC_DELTA_THETA": 0,
        "x": 148.69539389028526,
        "Y": 26.893375035463126
    },
    "22.266818": {
        "R_ENC_DIST": 0,
        "L_ENC_DIST": 0,
        "SPEED": 0,
        "ENC_DELTA_THETA": 0,
        "x": 57.74197831015801,
        "Y": 8.9218342415245
    },
    "42.503144": {
        "R_ENC_DIST": 0,
        "L_ENC_DIST": 0,
        "SPEED": 0,
        "ENC_DELTA_THETA": 0,
        "x": 202.39305162984235,
        "Y": 38.547501415912194
    },
    "56.683806": {
        "R_ENC_DIST": 0,
        "L_ENC_DIST": 0,
        "SPEED": 0,
        "ENC_DELTA_THETA": 0,
        "x": 192.1386815817074,
        "Y": 37.49929382826142
    },
    "48.577465": {
        "R_ENC_DIST": 0,
        "L_ENC_DIST": 0,
        "SPEED": 0,
        "ENC_DELTA_THETA": 0,
        "x": 242.79440549095287,
        "Y": 46.789127297185104
    },
    "43.51511": {
        "R_ENC_DIST": 0,
        "L_ENC_DIST": 0,
        "SPEED": 0,
        "ENC_DELTA_THETA": 0,
        "x": 209.1266106066941,
        "Y": 39.92110572945768
    },
    "41.489882": {
        "R_ENC_DIST": 0,
        "L_ENC_DIST": 0,
        "SPEED": 0,
        "ENC_DELTA_THETA": 0,
        "x": 195.6594926529906,
        "Y": 37.17389710236671
    },
    "60.735974": {
        "R_ENC_DIST": 0,
        "L_ENC_DIST": 0,
        "SPEED": 0,
        "ENC_DELTA_THETA": 0,
        "x": 171.75770021710497,
        "Y": 34.39058889531686
    },
    "18.219736": {
        "R_ENC_DIST": 0,
        "L_ENC_DIST": 0,
        "SPEED": 0,
        "ENC_DELTA_THETA": 0,
        "x": 37.357891625329806,
        "Y": 5.833556765358479
    },
    "54.659931": {
        "R_ENC_DIST": 0,
        "L_ENC_DIST": 0,
        "SPEED": 0,
        "ENC_DELTA_THETA": 0,
        "x": 205.72600249144236,
        "Y": 39.5717637835578
    },
    "24.290163": {
        "R_ENC_DIST": 0,
        "L_ENC_DIST": 0,
        "SPEED": 0,
        "ENC_DELTA_THETA": 0,
        "x": 84.83060153660651,
        "Y": 13.548212745040443
    },
    "28.337267": {
        "R_ENC_DIST": 0,
        "L_ENC_DIST": 0,
        "SPEED": 0,
        "ENC_DELTA_THETA": 0,
        "x": 111.7132775310637,
        "Y": 19.18848836045575
    },
    "26.313872": {
        "R_ENC_DIST": 0,
        "L_ENC_DIST": 0,
        "SPEED": 0,
        "ENC_DELTA_THETA": 0,
        "x": 94.93248585903152,
        "Y": 15.601026685084701
    },
    "27.325354": {
        "R_ENC_DIST": 0,
        "L_ENC_DIST": 0,
        "SPEED": 0,
        "ENC_DELTA_THETA": 0,
        "x": 104.91884010636674,
        "Y": 18.157360149800503
    },
    "17.207863": {
        "R_ENC_DIST": 0,
        "L_ENC_DIST": 0,
        "SPEED": 0,
        "ENC_DELTA_THETA": 0,
        "x": 37.357891625329806,
        "Y": 5.833556765358479
    },
    "32.38429": {
        "R_ENC_DIST": 0,
        "L_ENC_DIST": 0,
        "SPEED": 0,
        "ENC_DELTA_THETA": 0,
        "x": 131.8003606439336,
        "Y": 23.802668748245804
    },
    "8.101091": {
        "R_ENC_DIST": 0,
        "L_ENC_DIST": 0,
        "SPEED": 0,
        "ENC_DELTA_THETA": 0,
        "x": -6.850670544443988,
        "Y": -0.5160088778087135
    },
    "39.46663": {
        "R_ENC_DIST": 0,
        "L_ENC_DIST": 0,
        "SPEED": 0,
        "ENC_DELTA_THETA": 0,
        "x": 175.57472423677635,
        "Y": 32.54965161780906
    },
    "23.278631": {
        "R_ENC_DIST": 0,
        "L_ENC_DIST": 0,
        "SPEED": 0,
        "ENC_DELTA_THETA": 0,
        "x": 67.84386263258301,
        "Y": 10.974648181568758
    },
    "51.617018": {
        "R_ENC_DIST": 0,
        "L_ENC_DIST": 0,
        "SPEED": 0,
        "ENC_DELTA_THETA": 0,
        "x": 222.64970778134705,
        "Y": 42.50140762020836
    },
    "3.037998": {
        "R_ENC_DIST": 0,
        "L_ENC_DIST": 0,
        "SPEED": 0,
        "ENC_DELTA_THETA": 0,
        "x": -3.4318022539829447,
        "Y": -0.17214707604397134
    },
    "13.159726": {
        "R_ENC_DIST": 0,
        "L_ENC_DIST": 0,
        "SPEED": 0,
        "ENC_DELTA_THETA": 0,
        "x": 30.563196063720405,
        "Y": 4.804130939969805
    },