{
    "11.010143": {
        "x": 2948,
        "ENC_DELTA_THETA": 0,
        "Y": -579.9915580599438,
        "SPEED": 0,
        "L_ENC_DIST": 2961.933015625,
        "l_enc": 431,
        "r_enc": 427,
        "R_ENC_DIST": 2934.444078125
    },
    "10.004229": {
        "x": 0,
        "ENC_DELTA_THETA": 0,
        "Y": 0,
        "SPEED": 0,
        "L_ENC_DIST": 0,
        "l_enc": 0,
        "r_enc": 0,
        "R_ENC_DIST": 0
    }
}