{
    "5.05659": {
        "R_ENC_DIST": 302.3783125,
        "ENC_DELTA_THETA": 0,
        "r_enc": 44,
        "L_ENC_DIST": 213.03926562499998,
        "x": 1020,
        "SPEED": 0,
        "l_enc": 31,
        "Y": 842.4738447538422
    },
    "6.068626": {
        "R_ENC_DIST": 295.506078125,
        "ENC_DELTA_THETA": 0,
        "r_enc": 43,
        "L_ENC_DIST": 247.40043749999998,
        "x": 1291,
        "SPEED": 0,
        "l_enc": 36,
        "Y": 1064.916917244275
    },
    "2.012601": {
        "R_ENC_DIST": 0,
        "ENC_DELTA_THETA": 0,
        "r_enc": 0,
        "L_ENC_DIST": 0,
        "x": 0,
        "SPEED": 0,
        "l_enc": 0,
        "Y": 0
    },
    "4.040824": {
        "R_ENC_DIST": 295.506078125,
        "ENC_DELTA_THETA": 0,
        "r_enc": 43,
        "L_ENC_DIST": 219.9115,
        "x": 762,
        "SPEED": 0,
        "l_enc": 32,
        "Y": 594.2849588382264
    },
    "3.025418": {
        "R_ENC_DIST": 570.395453125,
        "ENC_DELTA_THETA": 0,
        "r_enc": 83,
        "L_ENC_DIST": 439.823,
        "x": 505,
        "SPEED": 0,
        "l_enc": 64,
        "Y": 348.4858877117435
    }
}