{
    "10.013381": {
        "ENC_DELTA_THETA": 0,
        "Y": 0,
        "l_enc": 0,
        "r_enc": 0,
        "x": 0,
        "L_ENC_DIST": 0,
        "SPEED": 0,
        "R_ENC_DIST": 0
    },
    "11.020058": {
        "ENC_DELTA_THETA": 0,
        "Y": -297.7285050918555,
        "l_enc": 435,
        "r_enc": 433,
        "x": 2982,
        "L_ENC_DIST": 2989.421953125,
        "SPEED": 0,
        "R_ENC_DIST": 2975.677484375
    }
}