{
    "3.02904": {
        "ENC_DELTA_THETA": 0,
        "L_ENC_DIST": 288.63384375,
        "R_ENC_DIST": 584.139921875,
        "r_enc": 85,
        "x": 436,
        "SPEED": 0,
        "l_enc": 42,
        "Y": 395.9087168023706
    },
    "4.044867": {
        "ENC_DELTA_THETA": 0,
        "L_ENC_DIST": 247.40043749999998,
        "R_ENC_DIST": 302.3783125,
        "r_enc": 44,
        "x": 711,
        "SPEED": 0,
        "l_enc": 36,
        "Y": 670.4194878778452
    },
    "7.088417": {
        "ENC_DELTA_THETA": 0,
        "L_ENC_DIST": 240.52820312499998,
        "R_ENC_DIST": 295.506078125,
        "r_enc": 43,
        "x": 1456,
        "SPEED": 0,
        "l_enc": 35,
        "Y": 937.9148680794967
    },
    "5.060507": {
        "ENC_DELTA_THETA": 0,
        "L_ENC_DIST": 206.16703124999998,
        "R_ENC_DIST": 295.506078125,
        "r_enc": 43,
        "x": 962,
        "SPEED": 0,
        "l_enc": 30,
        "Y": 887.4282405842295
    },
    "2.012536": {
        "ENC_DELTA_THETA": 0,
        "L_ENC_DIST": 0,
        "R_ENC_DIST": 0,
        "r_enc": 0,
        "x": 0,
        "SPEED": 0,
        "l_enc": 0,
        "Y": 0
    },
    "6.076239": {
        "ENC_DELTA_THETA": 0,
        "L_ENC_DIST": 164.933625,
        "R_ENC_DIST": 288.63384375,
        "r_enc": 42,
        "x": 1188,
        "SPEED": 0,
        "l_enc": 24,
        "Y": 956.8271287260634
    }
}