{
    "11.019841": {
        "L_ENC_DIST": 2508.365546875,
        "x": 2728,
        "ENC_DELTA_THETA": 0,
        "Y": 2604.834502408883,
        "R_ENC_DIST": 2948.1885468749997,
        "SPEED": 0,
        "l_enc": 365,
        "r_enc": 429
    },
    "10.013113": {
        "L_ENC_DIST": 0,
        "x": 0,
        "ENC_DELTA_THETA": 0,
        "Y": 0,
        "R_ENC_DIST": 0,
        "SPEED": 0,
        "l_enc": 0,
        "r_enc": 0
    }
}