{
    "6.07721": {
        "SPEED": 0,
        "r_enc": 27,
        "L_ENC_DIST": 206.16703124999998,
        "Y": -101.0873349837971,
        "l_enc": 30,
        "x": 824,
        "R_ENC_DIST": 185.550328125,
        "ENC_DELTA_THETA": 0
    },
    "5.061453": {
        "SPEED": 0,
        "r_enc": 26,
        "L_ENC_DIST": 199.294796875,
        "Y": -43.44440923570389,
        "l_enc": 29,
        "x": 628,
        "R_ENC_DIST": 178.67809375,
        "ENC_DELTA_THETA": 0
    },
    "2.012641": {
        "SPEED": 0,
        "r_enc": 0,
        "L_ENC_DIST": 0,
        "Y": 0,
        "l_enc": 0,
        "x": 0,
        "R_ENC_DIST": 0,
        "ENC_DELTA_THETA": 0
    },
    "3.029984": {
        "SPEED": 0,
        "r_enc": 44,
        "L_ENC_DIST": 309.250546875,
        "Y": -15.321089767913463,
        "l_enc": 45,
        "x": 305,
        "R_ENC_DIST": 302.3783125,
        "ENC_DELTA_THETA": 0
    },
    "4.045848": {
        "SPEED": 0,
        "r_enc": 20,
        "L_ENC_DIST": 130.57245312499998,
        "Y": -15.321089767913463,
        "l_enc": 19,
        "x": 439,
        "R_ENC_DIST": 137.4446875,
        "ENC_DELTA_THETA": 0
    },
    "7.092962": {
        "SPEED": 0,
        "r_enc": 28,
        "L_ENC_DIST": 213.03926562499998,
        "Y": -188.92097479498563,
        "l_enc": 31,
        "x": 1027,
        "R_ENC_DIST": 192.4225625,
        "ENC_DELTA_THETA": 0
    },
    "8.108702": {
        "SPEED": 0,
        "r_enc": 28,
        "L_ENC_DIST": 206.16703124999998,
        "Y": -292.76481965042024,
        "l_enc": 30,
        "x": 1226,
        "R_ENC_DIST": 192.4225625,
        "ENC_DELTA_THETA": 0
    }
}