{
    "4.757577": {
        "L_ENC_DIST": 0,
        "SPEED": 0,
        "R_ENC_DIST": 0,
        "Y": 354.9977997407685,
        "ENC_DELTA_THETA": 0,
        "x": -412.82098282909374
    },
    "11.590918": {
        "L_ENC_DIST": 0,
        "SPEED": 0,
        "R_ENC_DIST": 0,
        "Y": 368.5085989776067,
        "ENC_DELTA_THETA": 0,
        "x": -415.3446161625199
    },
    "12.081604": {
        "L_ENC_DIST": 0,
        "SPEED": 0,
        "R_ENC_DIST": 0,
        "Y": 368.5085989776067,
        "ENC_DELTA_THETA": 0,
        "x": -415.3446161625199
    },
    "0.041558": {
        "L_ENC_DIST": 0,
        "SPEED": 0,
        "R_ENC_DIST": 0,
        "Y": 233.78890914752105,
        "ENC_DELTA_THETA": 0,
        "x": -349.45803334229606
    },
    "8.773175": {
        "L_ENC_DIST": 0,
        "SPEED": 0,
        "R_ENC_DIST": 0,
        "Y": 354.9977997407685,
        "ENC_DELTA_THETA": 0,
        "x": -412.82098282909374
    },
    "18.829445": {
        "L_ENC_DIST": 0,
        "SPEED": 0,
        "R_ENC_DIST": 0,
        "Y": 429.10699386854344,
        "ENC_DELTA_THETA": 0,
        "x": -389.04983603696036
    },
    "8.071926": {
        "L_ENC_DIST": 0,
        "SPEED": 0,
        "R_ENC_DIST": 0,
        "Y": 354.9977997407685,
        "ENC_DELTA_THETA": 0,
        "x": -412.82098282909374
    },
    "0.044923": {
        "L_ENC_DIST": 0,
        "SPEED": 0,
        "R_ENC_DIST": 0,
        "Y": 268.26333541542783,
        "ENC_DELTA_THETA": 0,
        "x": -372.0789909806499
    },
    "0.032092": {
        "L_ENC_DIST": 0,
        "SPEED": 0,
        "R_ENC_DIST": 0,
        "Y": 161.888372228648,
        "ENC_DELTA_THETA": 0,
        "x": -286.10907918865405
    },
    "3.745789": {
        "L_ENC_DIST": 0,
        "SPEED": 0,
        "R_ENC_DIST": 0,
        "Y": 354.9977997407685,
        "ENC_DELTA_THETA": 0,
        "x": -412.82098282909374
    },
    "9.866893": {
        "L_ENC_DIST": 0,
        "SPEED": 0,
        "R_ENC_DIST": 0,
        "Y": 368.5085989776067,
        "ENC_DELTA_THETA": 0,
        "x": -415.3446161625199
    },
    "14.634731": {
        "L_ENC_DIST": 0,
        "SPEED": 0,
        "R_ENC_DIST": 0,
        "Y": 368.5085989776067,
        "ENC_DELTA_THETA": 0,
        "x": -415.3446161625199
    },
    "5.376274": {
        "L_ENC_DIST": 0,
        "SPEED": 0,
        "R_ENC_DIST": 0,
        "Y": 354.9977997407685,
        "ENC_DELTA_THETA": 0,
        "x": -412.82098282909374
    },
    "0.023533": {
        "L_ENC_DIST": 0,
        "SPEED": 0,
        "R_ENC_DIST": 0,
        "Y": 78.49635988713938,
        "ENC_DELTA_THETA": 0,
        "x": -215.21980582222739
    },
    "1.722313": {
        "L_ENC_DIST": 0,
        "SPEED": 0,
        "R_ENC_DIST": 0,
        "Y": 354.9977997407685,
        "ENC_DELTA_THETA": 0,
        "x": -412.82098282909374
    },
    "6.060534": {
        "L_ENC_DIST": 0,
        "SPEED": 0,
        "R_ENC_DIST": 0,
        "Y": 354.9977997407685,
        "ENC_DELTA_THETA": 0,
        "x": -412.82098282909374
    },
    "0.004338": {
        "L_ENC_DIST": 0,
        "SPEED": 0,
        "R_ENC_DIST": 0,
        "Y": 0.0,
        "ENC_DELTA_THETA": 0,
        "x": -27.4889375
    },
    "0.030329": {
        "L_ENC_DIST": 0,
        "SPEED": 0,
        "R_ENC_DIST": 0,
        "Y": 127.41394596074123,
        "ENC_DELTA_THETA": 0,
        "x": -263.48812155030015
    },
    "10.963991": {
        "L_ENC_DIST": 0,
        "SPEED": 0,
        "R_ENC_DIST": 0,
        "Y": 368.5085989776067,
        "ENC_DELTA_THETA": 0,
        "x": -415.3446161625199
    },
    "20.856527": {
        "L_ENC_DIST": 0,
        "SPEED": 0,
        "R_ENC_DIST": 0,
        "Y": 451.26532597796074,
        "ENC_DELTA_THETA": 0,
        "x": -354.27625254163587
    },
    "15.809348": {
        "L_ENC_DIST": 0,
        "SPEED": 0,
        "R_ENC_DIST": 0,
        "Y": 382.2518409010505,
        "ENC_DELTA_THETA": 0,
        "x": -415.1609788748486
    },
    "14.0326": {
        "L_ENC_DIST": 0,
        "SPEED": 0,
        "R_ENC_DIST": 0,
        "Y": 368.5085989776067,
        "ENC_DELTA_THETA": 0,
        "x": -415.3446161625199
    },
    "7.769062": {
        "L_ENC_DIST": 0,
        "SPEED": 0,
        "R_ENC_DIST": 0,
        "Y": 354.9977997407685,
        "ENC_DELTA_THETA": 0,
        "x": -412.82098282909374
    },
    "6.941305": {
        "L_ENC_DIST": 0,
        "SPEED": 0,
        "R_ENC_DIST": 0,
        "Y": 354.9977997407685,
        "ENC_DELTA_THETA": 0,
        "x": -412.82098282909374
    },
    "19.841289": {
        "L_ENC_DIST": 0,
        "SPEED": 0,
        "R_ENC_DIST": 0,
        "Y": 436.4931045716825,
        "ENC_DELTA_THETA": 0,
        "x": -377.45864153851886
    },
    "14.794131": {
        "L_ENC_DIST": 0,
        "SPEED": 0,
        "R_ENC_DIST": 0,
        "Y": 368.5085989776067,
        "ENC_DELTA_THETA": 0,
        "x": -415.3446161625199
    },
    "17.817259": {
        "L_ENC_DIST": 0,
        "SPEED": 0,
        "R_ENC_DIST": 0,
        "Y": 419.5849081573429,
        "ENC_DELTA_THETA": 0,
        "x": -398.9614607740192
    },
    "7.163237": {
        "L_ENC_DIST": 0,
        "SPEED": 0,
        "R_ENC_DIST": 0,
        "Y": 354.9977997407685,
        "ENC_DELTA_THETA": 0,
        "x": -412.82098282909374
    },
    "16.179163": {
        "L_ENC_DIST": 0,
        "SPEED": 0,
        "R_ENC_DIST": 0,
        "Y": 395.6903869051656,
        "ENC_DELTA_THETA": 0,
        "x": -412.27724821561424
    },
    "2.734117": {
        "L_ENC_DIST": 0,
        "SPEED": 0,
        "R_ENC_DIST": 0,
        "Y": 354.9977997407685,
        "ENC_DELTA_THETA": 0,
        "x": -412.82098282909374
    },
    "13.167793": {
        "L_ENC_DIST": 0,
        "SPEED": 0,
        "R_ENC_DIST": 0,
        "Y": 368.5085989776067,
        "ENC_DELTA_THETA": 0,
        "x": -415.3446161625199
    },
    "0.009777": {
        "L_ENC_DIST": 0,
        "SPEED": 0,
        "R_ENC_DIST": 0,
        "Y": 13.519616737994127,
        "ENC_DELTA_THETA": 0,
        "x": -94.86831486244608
    },
    "0.01361": {
        "L_ENC_DIST": 0,
        "SPEED": 0,
        "R_ENC_DIST": 0,
        "Y": 29.426117737997327,
        "ENC_DELTA_THETA": 0,
        "x": -132.91009474870322
    },
    "5.044184": {
        "L_ENC_DIST": 0,
        "SPEED": 0,
        "R_ENC_DIST": 0,
        "Y": 354.9977997407685,
        "ENC_DELTA_THETA": 0,
        "x": -412.82098282909374
    },
    "7.469964": {
        "L_ENC_DIST": 0,
        "SPEED": 0,
        "R_ENC_DIST": 0,
        "Y": 354.9977997407685,
        "ENC_DELTA_THETA": 0,
        "x": -412.82098282909374
    },
    "0.046907": {
        "L_ENC_DIST": 0,
        "SPEED": 0,
        "R_ENC_DIST": 0,
        "Y": 291.246286260699,
        "ENC_DELTA_THETA": 0,
        "x": -387.15962940621915
    },
    "16.80206": {
        "L_ENC_DIST": 0,
        "SPEED": 0,
        "R_ENC_DIST": 0,
        "Y": 408.29900706919216,
        "ENC_DELTA_THETA": 0,
        "x": -406.8061314393948
    },
    "0.02641": {
        "L_ENC_DIST": 0,
        "SPEED": 0,
        "R_ENC_DIST": 0,
        "Y": 107.84691153130049,
        "ENC_DELTA_THETA": 0,
        "x": -244.18079525907106
    },
    "0.053816": {
        "L_ENC_DIST": 0,
        "SPEED": 0,
        "R_ENC_DIST": 0,
        "Y": 354.9977997407685,
        "ENC_DELTA_THETA": 0,
        "x": -412.82098282909374
    },
    "6.285682": {
        "L_ENC_DIST": 0,
        "SPEED": 0,
        "R_ENC_DIST": 0,
        "Y": 354.9977997407685,
        "ENC_DELTA_THETA": 0,
        "x": -412.82098282909374
    },
    "12.255092": {
        "L_ENC_DIST": 0,
        "SPEED": 0,
        "R_ENC_DIST": 0,
        "Y": 368.5085989776067,
        "ENC_DELTA_THETA": 0,
        "x": -415.3446161625199
    },
    "13.860683": {
        "L_ENC_DIST": 0,
        "SPEED": 0,
        "R_ENC_DIST": 0,
        "Y": 368.5085989776067,
        "ENC_DELTA_THETA": 0,
        "x": -415.3446161625199
    },