{
    "40.149092": {
        "l_enc": 0,
        "R_ENC_DIST": 0.0,
        "Y": -148.98478015863574,
        "r_enc": 0,
        "ENC_DELTA_THETA": 0,
        "SPEED": 0,
        "L_ENC_DIST": 0.0,
        "x": 972
    },
    "47.178641": {
        "l_enc": 0,
        "R_ENC_DIST": 0.0,
        "Y": -148.98478015863574,
        "r_enc": 0,
        "ENC_DELTA_THETA": 0,
        "SPEED": 0,
        "L_ENC_DIST": 0.0,
        "x": 972
    },
    "29.096094": {
        "l_enc": 3,
        "R_ENC_DIST": 20.616703125,
        "Y": -126.3292398271861,
        "r_enc": 3,
        "ENC_DELTA_THETA": 0,
        "SPEED": 0,
        "L_ENC_DIST": 20.616703125,
        "x": 910
    },
    "52.20911": {
        "l_enc": 18,
        "R_ENC_DIST": 123.70021874999999,
        "Y": -222.00196162516033,
        "r_enc": 18,
        "ENC_DELTA_THETA": 0,
        "SPEED": 0,
        "L_ENC_DIST": 123.70021874999999,
        "x": 1254
    },
    "39.14138": {
        "l_enc": 0,
        "R_ENC_DIST": 0.0,
        "Y": -148.98478015863574,
        "r_enc": 0,
        "ENC_DELTA_THETA": 0,
        "SPEED": 0,
        "L_ENC_DIST": 0.0,
        "x": 972
    },
    "19.048509": {
        "l_enc": 6,
        "R_ENC_DIST": 34.361171875,
        "Y": -37.03185757988851,
        "r_enc": 5,
        "ENC_DELTA_THETA": 0,
        "SPEED": 0,
        "L_ENC_DIST": 41.23340625,
        "x": 556
    },
    "20.051258": {
        "l_enc": 5,
        "R_ENC_DIST": 34.361171875,
        "Y": -43.86613370880092,
        "r_enc": 5,
        "ENC_DELTA_THETA": 0,
        "SPEED": 0,
        "L_ENC_DIST": 34.361171875,
        "x": 591
    },
    "24.069893": {
        "l_enc": 7,
        "R_ENC_DIST": 34.361171875,
        "Y": -84.6563852974108,
        "r_enc": 5,
        "ENC_DELTA_THETA": 0,
        "SPEED": 0,
        "L_ENC_DIST": 48.105640625,
        "x": 755
    },
    "25.073825": {
        "l_enc": 4,
        "R_ENC_DIST": 34.361171875,
        "Y": -92.31037218458788,
        "r_enc": 5,
        "ENC_DELTA_THETA": 0,
        "SPEED": 0,
        "L_ENC_DIST": 27.4889375,
        "x": 786
    },
    "16.037664": {
        "l_enc": 6,
        "R_ENC_DIST": 41.23340625,
        "Y": -18.055122519426575,
        "r_enc": 6,
        "ENC_DELTA_THETA": 0,
        "SPEED": 0,
        "L_ENC_DIST": 41.23340625,
        "x": 453
    },
    "21.055376": {
        "l_enc": 6,
        "R_ENC_DIST": 41.23340625,
        "Y": -52.067265063495825,
        "r_enc": 6,
        "ENC_DELTA_THETA": 0,
        "SPEED": 0,
        "L_ENC_DIST": 41.23340625,
        "x": 632
    },
    "38.133558": {
        "l_enc": 0,
        "R_ENC_DIST": 0.0,
        "Y": -148.98478015863574,
        "r_enc": 0,
        "ENC_DELTA_THETA": 0,
        "SPEED": 0,
        "L_ENC_DIST": 0.0,
        "x": 972
    },
    "45.170734": {
        "l_enc": 0,
        "R_ENC_DIST": 0.0,
        "Y": -148.98478015863574,
        "r_enc": 0,
        "ENC_DELTA_THETA": 0,
        "SPEED": 0,
        "L_ENC_DIST": 0.0,
        "x": 972
    },
    "28.089656": {
        "l_enc": 6,
        "R_ENC_DIST": 27.4889375,
        "Y": -119.25806800572138,
        "r_enc": 4,
        "ENC_DELTA_THETA": 0,
        "SPEED": 0,
        "L_ENC_DIST": 41.23340625,
        "x": 889
    },
    "50.200387": {
        "l_enc": 0,
        "R_ENC_DIST": 0.0,
        "Y": -160.7700665277436,
        "r_enc": 0,
        "ENC_DELTA_THETA": 0,
        "SPEED": 0,
        "L_ENC_DIST": 0.0,
        "x": 1006
    },
    "11.01526": {
        "l_enc": 37,
        "R_ENC_DIST": 254.272671875,
        "Y": 0.0,
        "r_enc": 37,
        "ENC_DELTA_THETA": 0,
        "SPEED": 0,
        "L_ENC_DIST": 254.272671875,
        "x": 254
    },
    "18.044423": {
        "l_enc": 4,
        "R_ENC_DIST": 34.361171875,
        "Y": -29.514153838084848,
        "r_enc": 5,
        "ENC_DELTA_THETA": 0,
        "SPEED": 0,
        "L_ENC_DIST": 27.4889375,
        "x": 518
    },
    "32.108095": {
        "l_enc": 1,
        "R_ENC_DIST": 6.872234375,
        "Y": -148.98478015863574,
        "r_enc": 1,
        "ENC_DELTA_THETA": 0,
        "SPEED": 0,
        "L_ENC_DIST": 6.872234375,
        "x": 972
    },
    "33.115784": {
        "l_enc": 0,
        "R_ENC_DIST": 0.0,
        "Y": -148.98478015863574,
        "r_enc": 0,
        "ENC_DELTA_THETA": 0,
        "SPEED": 0,
        "L_ENC_DIST": 0.0,
        "x": 972
    },
    "14.025808": {
        "l_enc": 6,
        "R_ENC_DIST": 41.23340625,
        "Y": -10.490162880602245,
        "r_enc": 6,
        "ENC_DELTA_THETA": 0,
        "SPEED": 0,
        "L_ENC_DIST": 41.23340625,
        "x": 377
    },
    "13.021795": {
        "l_enc": 7,
        "R_ENC_DIST": 41.23340625,
        "Y": -6.363821259425336,
        "r_enc": 6,
        "ENC_DELTA_THETA": 0,
        "SPEED": 0,
        "L_ENC_DIST": 48.105640625,
        "x": 336
    },
    "51.205041": {
        "l_enc": 17,
        "R_ENC_DIST": 130.57245312499998,
        "Y": -191.38601407645197,
        "r_enc": 19,
        "ENC_DELTA_THETA": 0,
        "SPEED": 0,
        "L_ENC_DIST": 116.827984375,
        "x": 1130
    },
    "22.059455": {
        "l_enc": 7,
        "R_ENC_DIST": 34.361171875,
        "Y": -64.26125950310586,
        "r_enc": 5,
        "ENC_DELTA_THETA": 0,
        "SPEED": 0,
        "L_ENC_DIST": 48.105640625,
        "x": 673
    },
    "30.100064": {
        "l_enc": 5,
        "R_ENC_DIST": 27.4889375,
        "Y": -138.3780224264387,
        "r_enc": 4,
        "ENC_DELTA_THETA": 0,
        "SPEED": 0,
        "L_ENC_DIST": 34.361171875,
        "x": 941
    },
    "27.081813": {
        "l_enc": 5,
        "R_ENC_DIST": 27.4889375,
        "Y": -107.47278163661353,
        "r_enc": 4,
        "ENC_DELTA_THETA": 0,
        "SPEED": 0,
        "L_ENC_DIST": 34.361171875,
        "x": 855
    },
    "41.151805": {
        "l_enc": 0,
        "R_ENC_DIST": 0.0,
        "Y": -148.98478015863574,
        "r_enc": 0,
        "ENC_DELTA_THETA": 0,
        "SPEED": 0,
        "L_ENC_DIST": 0.0,
        "x": 972
    },
    "36.126601": {
        "l_enc": 0,
        "R_ENC_DIST": 0.0,
        "Y": -148.98478015863574,
        "r_enc": 0,
        "ENC_DELTA_THETA": 0,
        "SPEED": 0,
        "L_ENC_DIST": 0.0,
        "x": 972
    },
    "42.155876": {
        "l_enc": 0,
        "R_ENC_DIST": 0.0,
        "Y": -148.98478015863574,
        "r_enc": 0,
        "ENC_DELTA_THETA": 0,
        "SPEED": 0,
        "L_ENC_DIST": 0.0,
        "x": 972
    },
    "31.104165": {
        "l_enc": 3,
        "R_ENC_DIST": 27.4889375,
        "Y": -146.62772288481418,
        "r_enc": 4,
        "ENC_DELTA_THETA": 0,
        "SPEED": 0,
        "L_ENC_DIST": 20.616703125,
        "x": 965
    },
    "37.129424": {
        "l_enc": 0,
        "R_ENC_DIST": 0.0,
        "Y": -148.98478015863574,
        "r_enc": 0,
        "ENC_DELTA_THETA": 0,
        "SPEED": 0,
        "L_ENC_DIST": 0.0,
        "x": 972
    },
    "48.181358": {
        "l_enc": 1,
        "R_ENC_DIST": 6.872234375,
        "Y": -151.3418374324573,
        "r_enc": 1,
        "ENC_DELTA_THETA": 0,
        "SPEED": 0,
        "L_ENC_DIST": 6.872234375,
        "x": 979
    },
    "43.159963": {
        "l_enc": 0,
        "R_ENC_DIST": 0.0,
        "Y": -148.98478015863574,
        "r_enc": 0,
        "ENC_DELTA_THETA": 0,
        "SPEED": 0,
        "L_ENC_DIST": 0.0,
        "x": 972
    },
    "17.040476": {
        "l_enc": 6,
        "R_ENC_DIST": 27.4889375,
        "Y": -24.88939864833899,
        "r_enc": 4,
        "ENC_DELTA_THETA": 0,
        "SPEED": 0,
        "L_ENC_DIST": 41.23340625,
        "x": 487
    },
    "12.019177": {
        "l_enc": 6,
        "R_ENC_DIST": 34.361171875,
        "Y": -1.8936178364836862,
        "r_enc": 5,
        "ENC_DELTA_THETA": 0,
        "SPEED": 0,
        "L_ENC_DIST": 41.23340625,
        "x": 292
    },
    "10.009417": {
        "l_enc": 0,
        "R_ENC_DIST": 0,
        "Y": 0,
        "r_enc": 0,