{
    "2.012646": {
        "r_enc": 0,
        "R_ENC_DIST": 0,
        "ENC_DELTA_THETA": 0,
        "l_enc": 0,
        "Y": 0,
        "L_ENC_DIST": 0,
        "x": 0,
        "SPEED": 0
    },
    "3.026535": {
        "r_enc": 84,
        "R_ENC_DIST": 577.2676875,
        "ENC_DELTA_THETA": 0,
        "l_enc": 67,
        "Y": 336.66671126112277,
        "L_ENC_DIST": 460.439703125,
        "x": 518,
        "SPEED": 0
    },
    "6.069476": {
        "r_enc": 43,
        "R_ENC_DIST": 295.506078125,
        "ENC_DELTA_THETA": 0,
        "l_enc": 31,
        "Y": 1052.6694597852168,
        "L_ENC_DIST": 213.03926562499998,
        "x": 1288,
        "SPEED": 0
    },
    "5.053995": {
        "r_enc": 43,
        "R_ENC_DIST": 295.506078125,
        "ENC_DELTA_THETA": 0,
        "l_enc": 36,
        "Y": 841.7654217716789,
        "L_ENC_DIST": 247.40043749999998,
        "x": 1034,
        "SPEED": 0
    },
    "4.041819": {
        "r_enc": 42,
        "R_ENC_DIST": 288.63384375,
        "ENC_DELTA_THETA": 0,
        "l_enc": 29,
        "Y": 570.6629131702782,
        "L_ENC_DIST": 199.294796875,
        "x": 762,
        "SPEED": 0
    }
}