{
    "10.016632": {
        "Y": 0,
        "r_enc": 0,
        "l_enc": 0,
        "x": 0,
        "ENC_DELTA_THETA": 0,
        "SPEED": 0,
        "L_ENC_DIST": 0,
        "R_ENC_DIST": 0
    },
    "11.033332": {
        "Y": 1818.3279335793886,
        "r_enc": 322,
        "l_enc": 287,
        "x": 2092,
        "ENC_DELTA_THETA": 0,
        "SPEED": 0,
        "L_ENC_DIST": 1972.331265625,
        "R_ENC_DIST": 2212.85946875
    }
}