{
    "6.074928": {
        "r_enc": 43,
        "SPEED": 0,
        "l_enc": 40,
        "ENC_DELTA_THETA": 0,
        "R_ENC_DIST": 295.506078125,
        "L_ENC_DIST": 274.889375,
        "Y": 751.2834374396446,
        "x": 1398
    },
    "3.026754": {
        "r_enc": 83,
        "SPEED": 0,
        "l_enc": 76,
        "ENC_DELTA_THETA": 0,
        "R_ENC_DIST": 570.395453125,
        "L_ENC_DIST": 522.2898124999999,
        "Y": 181.00614415574995,
        "x": 546
    },
    "2.012581": {
        "r_enc": 0,
        "SPEED": 0,
        "l_enc": 0,
        "ENC_DELTA_THETA": 0,
        "R_ENC_DIST": 0,
        "L_ENC_DIST": 0,
        "Y": 0,
        "x": 0
    },
    "5.059166": {
        "r_enc": 43,
        "SPEED": 0,
        "l_enc": 44,
        "ENC_DELTA_THETA": 0,
        "R_ENC_DIST": 295.506078125,
        "L_ENC_DIST": 302.3783125,
        "Y": 543.0431915669931,
        "x": 1113
    },
    "4.043649": {
        "r_enc": 43,
        "SPEED": 0,
        "l_enc": 35,
        "ENC_DELTA_THETA": 0,
        "R_ENC_DIST": 295.506078125,
        "L_ENC_DIST": 240.52820312499998,
        "Y": 357.59380500009604,
        "x": 814
    }
}