{
    "10.015542": {
        "SPEED": 0,
        "Y": 0,
        "l_enc": 0,
        "L_ENC_DIST": 0,
        "x": 0,
        "R_ENC_DIST": 0,
        "ENC_DELTA_THETA": 0,
        "r_enc": 0
    },
    "11.033387": {
        "SPEED": 0,
        "Y": 1292.2283366154952,
        "l_enc": 228,
        "L_ENC_DIST": 1566.8694375,
        "x": 1652,
        "R_ENC_DIST": 1738.675296875,
        "ENC_DELTA_THETA": 0,
        "r_enc": 253
    }
}