{
    "11.016681": {
        "Y": -116.62176466731476,
        "ENC_DELTA_THETA": 0,
        "L_ENC_DIST": 1175.152078125,
        "l_enc": 171,
        "r_enc": 169,
        "SPEED": 0,
        "x": 1168,
        "R_ENC_DIST": 1161.407609375
    },
    "12.019125": {
        "Y": -132.55147698755042,
        "ENC_DELTA_THETA": 0,
        "L_ENC_DIST": 109.95575,
        "l_enc": 16,
        "r_enc": 15,
        "SPEED": 0,
        "x": 1274,
        "R_ENC_DIST": 103.08351562499999
    },
    "10.011628": {
        "Y": 0,
        "ENC_DELTA_THETA": 0,
        "L_ENC_DIST": 0,
        "l_enc": 0,
        "r_enc": 0,
        "SPEED": 0,
        "x": 0,
        "R_ENC_DIST": 0
    }
}