{
    "2.006425": {
        "r_enc": 0,
        "l_enc": 0,
        "ENC_DELTA_THETA": 0,
        "L_ENC_DIST": 0,
        "Y": 0,
        "SPEED": 0,
        "x": 0,
        "R_ENC_DIST": 0
    },
    "2.010564": {
        "r_enc": 20,
        "l_enc": 38,
        "ENC_DELTA_THETA": 0,
        "L_ENC_DIST": 261.14490624999996,
        "Y": -133.5597565126837,
        "SPEED": 0,
        "x": 199,
        "R_ENC_DIST": 137.4446875
    },
    "1.004144": {
        "r_enc": 0,
        "l_enc": 0,
        "ENC_DELTA_THETA": 0,
        "L_ENC_DIST": 0,
        "Y": 0,
        "SPEED": 0,
        "x": 0,
        "R_ENC_DIST": 0
    },
    "4.020977": {
        "r_enc": 38,
        "l_enc": 38,
        "ENC_DELTA_THETA": 0,
        "L_ENC_DIST": 261.14490624999996,
        "Y": -308.569092632752,
        "SPEED": 0,
        "x": 460,
        "R_ENC_DIST": 261.14490624999996
    },
    "3.01193": {
        "r_enc": 20,
        "l_enc": 38,
        "ENC_DELTA_THETA": 0,
        "L_ENC_DIST": 261.14490624999996,
        "Y": -133.5597565126837,
        "SPEED": 0,
        "x": 199,
        "R_ENC_DIST": 137.4446875
    },
    "6.040667": {
        "r_enc": 43,
        "l_enc": 39,
        "ENC_DELTA_THETA": 0,
        "L_ENC_DIST": 268.01714062499997,
        "Y": -253.51353564594373,
        "SPEED": 0,
        "x": 1271,
        "R_ENC_DIST": 295.506078125
    },
    "4.026021": {
        "r_enc": 43,
        "l_enc": 32,
        "ENC_DELTA_THETA": 0,
        "L_ENC_DIST": 219.9115,
        "Y": -367.3745839355809,
        "SPEED": 0,
        "x": 718,
        "R_ENC_DIST": 295.506078125
    },
    "5.033485": {
        "r_enc": 43,
        "l_enc": 36,
        "ENC_DELTA_THETA": 0,
        "L_ENC_DIST": 247.40043749999998,
        "Y": -338.25692316471384,
        "SPEED": 0,
        "x": 989,
        "R_ENC_DIST": 295.506078125
    },
    "3.018738": {
        "r_enc": 38,
        "l_enc": 38,
        "ENC_DELTA_THETA": 0,
        "L_ENC_DIST": 261.14490624999996,
        "Y": -308.569092632752,
        "SPEED": 0,
        "x": 460,
        "R_ENC_DIST": 261.14490624999996
    }
}