{
    "13.579858": {
        "L_ENC_DIST": 0,
        "ENC_DELTA_THETA": 0,
        "SPEED": 0,
        "Y": -374.31975986630687,
        "R_ENC_DIST": 0,
        "x": -834.2948286488102
    },
    "16.821315": {
        "L_ENC_DIST": 0,
        "ENC_DELTA_THETA": 0,
        "SPEED": 0,
        "Y": -797.4944297437914,
        "R_ENC_DIST": 0,
        "x": -1166.6938252815326
    },
    "11.449803": {
        "L_ENC_DIST": 0,
        "ENC_DELTA_THETA": 0,
        "SPEED": 0,
        "Y": -169.25901632270129,
        "R_ENC_DIST": 0,
        "x": -597.7681070870932
    },
    "17.566208": {
        "L_ENC_DIST": 0,
        "ENC_DELTA_THETA": 0,
        "SPEED": 0,
        "Y": -879.0397935264682,
        "R_ENC_DIST": 0,
        "x": -1157.4917214408158
    },
    "12.031856": {
        "L_ENC_DIST": 0,
        "ENC_DELTA_THETA": 0,
        "SPEED": 0,
        "Y": -223.11128773149716,
        "R_ENC_DIST": 0,
        "x": -677.4960413628538
    },
    "16.169451": {
        "L_ENC_DIST": 0,
        "ENC_DELTA_THETA": 0,
        "SPEED": 0,
        "Y": -718.7111239452353,
        "R_ENC_DIST": 0,
        "x": -1143.7261132275294
    },
    "1.725204": {
        "L_ENC_DIST": 0,
        "ENC_DELTA_THETA": 0,
        "SPEED": 0,
        "Y": 0.0,
        "R_ENC_DIST": 0,
        "x": 0.0
    },
    "11.643044": {
        "L_ENC_DIST": 0,
        "ENC_DELTA_THETA": 0,
        "SPEED": 0,
        "Y": -192.33856121218523,
        "R_ENC_DIST": 0,
        "x": -631.9372217767049
    },
    "12.376611": {
        "L_ENC_DIST": 0,
        "ENC_DELTA_THETA": 0,
        "SPEED": 0,
        "Y": -275.54138426514226,
        "R_ENC_DIST": 0,
        "x": -740.6261454893091
    },
    "5.997324": {
        "L_ENC_DIST": 0,
        "ENC_DELTA_THETA": 0,
        "SPEED": 0,
        "Y": -13.519616737994127,
        "R_ENC_DIST": 0,
        "x": -232.31300236244607
    },
    "3.711892": {
        "L_ENC_DIST": 0,
        "ENC_DELTA_THETA": 0,
        "SPEED": 0,
        "Y": 0.0,
        "R_ENC_DIST": 0,
        "x": -137.4446875
    },
    "16.656595": {
        "L_ENC_DIST": 0,
        "ENC_DELTA_THETA": 0,
        "SPEED": 0,
        "Y": -756.962032033277,
        "R_ENC_DIST": 0,
        "x": -1159.122925281254
    },
    "14.362952": {
        "L_ENC_DIST": 0,
        "ENC_DELTA_THETA": 0,
        "SPEED": 0,
        "Y": -487.0623238519766,
        "R_ENC_DIST": 0,
        "x": -934.1450914520804
    },
    "3.363858": {
        "L_ENC_DIST": 0,
        "ENC_DELTA_THETA": 0,
        "SPEED": 0,
        "Y": 0.0,
        "R_ENC_DIST": 0,
        "x": -109.95575
    },
    "2.446108": {
        "L_ENC_DIST": 0,
        "ENC_DELTA_THETA": 0,
        "SPEED": 0,
        "Y": 0.0,
        "R_ENC_DIST": 0,
        "x": -27.4889375
    },
    "6.230606": {
        "L_ENC_DIST": 0,
        "ENC_DELTA_THETA": 0,
        "SPEED": 0,
        "Y": -18.92746343319178,
        "R_ENC_DIST": 0,
        "x": -259.2647533074245
    },
    "13.018932": {
        "L_ENC_DIST": 0,
        "ENC_DELTA_THETA": 0,
        "SPEED": 0,
        "Y": -320.27829916895934,
        "R_ENC_DIST": 0,
        "x": -792.3665447192272
    },
    "12.39724": {
        "L_ENC_DIST": 0,
        "ENC_DELTA_THETA": 0,
        "SPEED": 0,
        "Y": -290.92774752479824,
        "R_ENC_DIST": 0,
        "x": -763.4055552823836
    },
    "18.61507": {
        "L_ENC_DIST": 0,
        "ENC_DELTA_THETA": 0,
        "SPEED": 0,
        "Y": -932.7939775429286,
        "R_ENC_DIST": 0,
        "x": -1145.9567988038787
    },
    "14.583757": {
        "L_ENC_DIST": 0,
        "ENC_DELTA_THETA": 0,
        "SPEED": 0,
        "Y": -510.14186874146054,
        "R_ENC_DIST": 0,
        "x": -968.314206141692
    },
    "8.574528": {
        "L_ENC_DIST": 0,
        "ENC_DELTA_THETA": 0,
        "SPEED": 0,
        "Y": -87.85563443320564,
        "R_ENC_DIST": 0,
        "x": -424.11246614787206
    },
    "7.759716": {
        "L_ENC_DIST": 0,
        "ENC_DELTA_THETA": 0,
        "SPEED": 0,
        "Y": -66.64696643320138,
        "R_ENC_DIST": 0,
        "x": -373.3900929661959
    },
    "8.807978": {
        "L_ENC_DIST": 0,
        "ENC_DELTA_THETA": 0,
        "SPEED": 0,
        "Y": -98.45996843320776,
        "R_ENC_DIST": 0,
        "x": -449.47365273871014
    },
    "7.24265": {
        "L_ENC_DIST": 0,
        "ENC_DELTA_THETA": 0,
        "SPEED": 0,
        "Y": -34.83396443319498,
        "R_ENC_DIST": 0,
        "x": -297.3065331936816
    },
    "19.863837": {
        "L_ENC_DIST": 0,
        "ENC_DELTA_THETA": 0,
        "SPEED": 0,
        "Y": -1028.996671007035,
        "R_ENC_DIST": 0,
        "x": -1144.6713377901795
    },
    "11.684311": {
        "L_ENC_DIST": 0,
        "ENC_DELTA_THETA": 0,
        "SPEED": 0,
        "Y": -207.72492447184118,
        "R_ENC_DIST": 0,
        "x": -654.7166315697793
    },
    "17.406818": {
        "L_ENC_DIST": 0,
        "ENC_DELTA_THETA": 0,
        "SPEED": 0,
        "Y": -838.7241555141228,
        "R_ENC_DIST": 0,
        "x": -1166.1429134185187
    },
    "18.847909": {
        "L_ENC_DIST": 0,
        "ENC_DELTA_THETA": 0,
        "SPEED": 0,
        "Y": -974.02370331326,
        "R_ENC_DIST": 0,
        "x": -1145.4058869408648
    },
    "13.93603": {
        "L_ENC_DIST": 0,
        "ENC_DELTA_THETA": 0,
        "SPEED": 0,
        "Y": -467.49528942253585,
        "R_ENC_DIST": 0,
        "x": -914.8377651608513
    },
    "7.56252": {
        "L_ENC_DIST": 0,
        "ENC_DELTA_THETA": 0,
        "SPEED": 0,
        "Y": -56.042632433199245,
        "R_ENC_DIST": 0,
        "x": -348.0289063753578
    },
    "17.975656": {
        "L_ENC_DIST": 0,
        "ENC_DELTA_THETA": 0,
        "SPEED": 0,
        "Y": -905.9168855346984,
        "R_ENC_DIST": 0,
        "x": -1151.7242601223472
    },
    "20.879518": {
        "L_ENC_DIST": 0,
        "ENC_DELTA_THETA": 0,
        "SPEED": 0,
        "Y": -1083.9696387008103,
        "R_ENC_DIST": 0,
        "x": -1143.9367886394941
    },
    "15.353304": {
        "L_ENC_DIST": 0,
        "ENC_DELTA_THETA": 0,
        "SPEED": 0,
        "Y": -608.9202443426251,
        "R_ENC_DIST": 0,
        "x": -1061.9828893011932
    },
    "16.091005": {
        "L_ENC_DIST": 0,
        "ENC_DELTA_THETA": 0,
        "SPEED": 0,
        "Y": -684.2366976773285,
        "R_ENC_DIST": 0,
        "x": -1121.1051555891754
    },
    "11.364229": {
        "L_ENC_DIST": 0,
        "ENC_DELTA_THETA": 0,
        "SPEED": 0,
        "Y": -158.65468232269916,
        "R_ENC_DIST": 0,
        "x": -572.4069204962551
    },
    "13.706803": {
        "L_ENC_DIST": 0,
        "ENC_DELTA_THETA": 0,
        "SPEED": 0,
        "Y": -403.67031151046797,
        "R_ENC_DIST": 0,
        "x": -863.2558180856538
    },
    "9.315895": {
        "L_ENC_DIST": 0,
        "ENC_DELTA_THETA": 0,
        "SPEED": 0,
        "Y": -109.06430243320989,
        "R_ENC_DIST": 0,
        "x": -474.83483932954823
    },
    "3.138584": {
        "L_ENC_DIST": 0,
        "ENC_DELTA_THETA": 0,
        "SPEED": 0,
        "Y": 0.0,
        "R_ENC_DIST": 0,
        "x": -82.4668125
    },
    "8.336417": {
        "L_ENC_DIST": 0,
        "ENC_DELTA_THETA": 0,
        "SPEED": 0,
        "Y": -77.25130043320351,
        "R_ENC_DIST": 0,
        "x": -398.75127955703397
    },
    "10.593315": {
        "L_ENC_DIST": 0,
        "ENC_DELTA_THETA": 0,
        "SPEED": 0,
        "Y": -142.74818132269596,
        "R_ENC_DIST": 0,
        "x": -534.365140609998
    },
    "7.313197": {
        "L_ENC_DIST": 0,
        "ENC_DELTA_THETA": 0,
        "SPEED": 0,
        "Y": -45.43829843319711,
        "R_ENC_DIST": 0,
        "x": -322.6677197845197
    },
    "2.765451": {
        "L_ENC_DIST": 0,
        "ENC_DELTA_THETA": 0,
        "SPEED": 0,
        "Y": 0.0,
        "R_ENC_DIST": 0,
        "x": -54.977875
    },
    "15.967939": {
        "L_ENC_DIST": 0,
        "ENC_DELTA_THETA": 0,
        "SPEED": 0,